{"has_next":true,"items":[{"restaurant":{"act_tag":0,"activities":[{"attribute":"15.0","description":"新用户下单立减15元","icon_color":"70bc46","icon_name":"首","id":21621253538,"is_exclusive_with_food_activity":true,"name":"新用户立减(不与其他活动共享)","tips":"新用户下单立减15元","type":103},{"description":"特价商品9元起","icon_color":"f1884f","icon_name":"换","id":21646302315,"name":"超值换购","tips":"超值换购"},{"attribute":"2.0","description":"本店新用户立减2元","icon_color":"00b762","icon_name":"新","id":866194714,"is_exclusive_with_food_activity":true,"name":"门店新客立减","tips":"本店新用户立减2元","type":108}],"address":"河北省保定市莲池区军校街72号","authentic_id":8334813033730446,"business_info":"{\"recent_order_num_display\": \"月售171\", \"lemon_support_tags\": [{\"color\": \"cce23028\", \"text\": \"首单减15\", \"border\": \"4ce23028\", \"background\": null, \"type\": 5, \"icon\": null}, {\"color\": \"cce23028\", \"text\": \"门店新客减2\", \"border\": \"4ce23028\", \"background\": null, \"type\": 6, \"icon\": null}, {\"color\": \"cce23028\", \"text\": \"9元特价\", \"border\": \"4ce23028\", \"background\": null, \"type\": 7, \"icon\": null}, {\"color\": \"cce23028\", \"text\": \"领5元红包\", \"border\": \"4ce23028\", \"background\": null, \"type\": 8, \"icon\": null}], \"ad_info\": null}","delivery_fee_discount":4,"delivery_mode":{"border":"","color":"2395FF","gradient":{"rgb_from":"00AAFF","rgb_to":"0085FF"},"icon_hash":"b9b45d2f6ff0dbeef3a78ef0e4e90abapng","id":1,"is_solid":true,"text":"蜂鸟专送","text_color":"FFFFFF"},"description":"","distance":1680,"favored":false,"flavors":[{"id":882,"name":"其他快餐"}],"float_delivery_fee":1,"float_minimum_order_amount":20,"has_story":false,"id":"E9419095006582859417","image_path":"3bfbf5596e87a1d6647cd4d3ac9f6efepng","is_new":false,"is_premium":false,"is_star":false,"is_stock_empty":0,"is_valid":1,"latitude":38.86658,"longitude":115.530626,"max_applied_quantity_per_order":-1,"name":"天津包子（军校街店）","next_business_time":"明天 07:00","only_use_poi":false,"opening_hours":["07:00/21:00"],"order_lead_time":28,"out_of_range":false,"phone":"15333121067","piecewise_agent_fee":{"description":"配送费¥1","extra_fee":0,"is_extra":false,"no_subsidy_fee":"¥5","rules":[{"fee":1,"price":20}],"tips":"配送费¥1"},"platform":0,"posters":[],"promotion_info":"本店位于军校广场东侧军校街72号东方家园底商，传承老店，做的每一份餐，我们都是认真的，皮薄馅大用心制作，做最健康的美食请您放心食用，用餐高峰期请提前下单，感谢新老客户的支持。","rating":4.5,"rating_count":62,"recent_order_num":171,"recommend":{"image_hash":"731111f3f9379e772eedf4855beae8a1jpeg","is_ad":false,"track":"{\"rankType\":\"12\"}"},"recommend_reasons":[{"name":"配送飞快"}],"regular_customer_count":0,"scheme":"https://h5.ele.me/shop/#id=E9419095006582859417","status":1,"support_tags":[{"border":"dddddd","color":"666666","icon":"4e20966ca2a516de3f02fb9c7fd1bc6dpng","text":"其他快餐","type":1}],"supports":[{"border":"90dddddd","description":"该商户食品安全已由国泰产险承担，食品安全有保障","icon_color":"999999","icon_name":"保","id":7,"name":"食安保","text_color":"666666","two_characters_icon_name":"保险"}],"theme":{"default_color":"2395ff","header_style":0,"hongbao_style":0,"price_color":"ff5339","third_tab_name":"商家","vanish_fields":[]},"type":0}},{"restaurant":{"act_tag":0,"activities":[{"attribute":"15.0","description":"新用户下单立减15元","icon_color":"70bc46","icon_name":"首","id":21620945450,"is_exclusive_with_food_activity":true,"name":"新用户立减(不与其他活动共享)","tips":"新用户下单立减15元","type":103},{"attribute":"{\"10\": {\"1\": 5.0, \"0\": 0}}","description":"满10减5","icon_color":"f07373","icon_name":"减","id":21663661842,"is_exclusive_with_food_activity":true,"name":"地中海满减","tips":"满10减5","type":102},{"description":"特价商品13.2元起","icon_color":"f1884f","icon_name":"特","id":21515493979,"name":"单品定价","tips":"单品定价"}],"address":"河北省保定市莲池区东关村红旗大街一中分校南侧","authentic_id":8324843035395132,"business_info":"{\"recent_order_num_display\": \"月售1781\", \"lemon_support_tags\": [{\"color\": \"cce23028\", \"text\": \"10减5\", \"border\": \"4ce23028\", \"background\": null, \"type\": 1, \"icon\": null}, {\"color\": \"cce23028\", \"text\": \"首单减15\", \"border\": \"4ce23028\", \"background\": null, \"type\": 5, \"icon\": null}, {\"color\": \"cce23028\", \"text\": \"13.2元特价\", \"border\": \"4ce23028\", \"background\": null, \"type\": 7, \"icon\": null}], \"ad_info\": null}","delivery_fee_discount":4,"delivery_mode":{"border":"","color":"2395FF","gradient":{"rgb_from":"00AAFF","rgb_to":"0085FF"},"icon_hash":"b9b45d2f6ff0dbeef3a78ef0e4e90abapng","id":1,"is_solid":true,"text":"蜂鸟专送","text_color":"FFFFFF"},"description":"超值半价套餐疯抢中！！！","distance":3118,"favored":false,"flavors":[{"id":882,"name":"其他快餐"}],"float_delivery_fee":1,"float_minimum_order_amount":15,"has_story":false,"id":"E6215526609933199538","image_path":"1a8237d0a2810e9c0666a325978b682cpng","is_new":false,"is_premium":false,"is_star":true,"is_stock_empty":0,"is_valid":1,"latitude":38.860874,"longitude":115.518142,"max_applied_quantity_per_order":-1,"name":"晋老头（红旗店）【饿配送】","next_business_time":"明天 10:30","only_use_poi":false,"opening_hours":["10:30/21:00"],"order_lead_time":30,"out_of_range":false,"phone":"0312-5025559","piecewise_agent_fee":{"description":"配送费¥1","extra_fee":-2,"is_extra":true,"no_subsidy_fee":"¥5","rules":[{"fee":1,"price":15}],"tips":"配送费¥1"},"platform":0,"posters":[],"promotion_info":"超值半价套餐疯抢中！！！","rating":4.7,"rating_count":684,"recent_order_num":1781,"recommend":{"color":"#e8470b","image_hash":"ac124c767ffa7fd296d3e2d6f01798c6png","is_ad":false,"reason":"口碑人气好店"},"recommend_reasons":[{"name":"回头客多"},{"name":"配送飞快"}],"regular_customer_count":0,"scheme":"https://h5.ele.me/shop/#id=E6215526609933199538","status":1,"support_tags":[{"border":"dddddd","color":"666666","icon":"4e20966ca2a516de3f02fb9c7fd1bc6dpng","text":"其他快餐","type":1}],"supports":[],"tags":[],"target_tag_path":"d6a7283753e66cad4c4dc9a459d96a7fpng","theme":{"default_color":"2395ff","header_style":0,"hongbao_style":0,"price_color":"ff5339","third_tab_name":"商家","vanish_fields":[]},"type":0}},{"restaurant":{"act_tag":0,"activities":[{"attribute":"15.0","description":"新用户下单立减15元","icon_color":"70bc46","icon_name":"首","id":21621251114,"is_exclusive_with_food_activity":true,"name":"新用户立减(不与其他活动共享)","tips":"新用户下单立减15元","type":103},{"attribute":"{\"10\": {\"1\": 5.0, \"0\": 0}}","description":"满10减5","icon_color":"f07373","icon_name":"减","id":21663629298,"is_exclusive_with_food_activity":true,"name":"河大母亲节12家","tips":"满10减5","type":102}],"address":"河北省保定市莲池区长城北大街341号","authentic_id":4384883030768533,"business_info":"{\"recent_order_num_display\": \"月售492\", \"lemon_support_tags\": [{\"color\": \"cce23028\", \"text\": \"10减5\", \"border\": \"4ce23028\", \"background\": null, \"type\": 1, \"icon\": null}, {\"color\": \"cce23028\", \"text\": \"首单减15\", \"border\": \"4ce23028\", \"background\": null, \"type\": 5, \"icon\": null}], \"ad_info\": null}","delivery_fee_discount":4,"delivery_mode":{"border":"","color":"2395FF","gradient":{"rgb_from":"00AAFF","rgb_to":"0085FF"},"icon_hash":"b9b45d2f6ff0dbeef3a78ef0e4e90abapng","id":1,"is_solid":true,"text":"蜂鸟专送","text_color":"FFFFFF"},"description":"","distance":3469,"favored":false,"flavors":[{"id":209,"name":"盖浇饭"}],"float_delivery_fee":1,"float_minimum_order_amount":15,"has_story":false,"id":"E8124897098082438700","image_path":"29d0bd8fb75d127cf01c1c72550c8f9djpeg","is_new":false,"is_premium":false,"is_star":true,"is_stock_empty":0,"is_valid":1,"latitude":38.875641,"longitude":115.515315,"max_applied_quantity_per_order":-1,"name":"福源菜馆(长城大街店)","next_business_time":"明天 10:00","only_use_poi":false,"opening_hours":["10:00/21:00"],"order_lead_time":31,"out_of_range":false,"phone":"13463215201","piecewise_agent_fee":{"description":"配送费¥1","extra_fee":-2,"is_extra":true,"no_subsidy_fee":"¥5","rules":[{"fee":1,"price":15}],"tips":"配送费¥1"},"platform":0,"posters":[],"promotion_info":"","rating":4.6,"rating_count":138,"recent_order_num":492,"recommend":{"color":"#e8470b","image_hash":"ac124c767ffa7fd296d3e2d6f01798c6png","is_ad":false,"reason":"口碑人气好店"},"recommend_reasons":[{"name":"配送飞快"}],"regular_customer_count":0,"scheme":"https://h5.ele.me/shop/#id=E8124897098082438700","status":1,"support_tags":[{"border":"dddddd","color":"666666","icon":"4e20966ca2a516de3f02fb9c7fd1bc6dpng","text":"盖浇饭","type":1}],"supports":[{"border":"90dddddd","description":"该商户食品安全已由国泰产险承担，食品安全有保障","icon_color":"999999","icon_name":"保","id":7,"name":"食安保","text_color":"666666","two_characters_icon_name":"保险"}],"tags":[],"target_tag_path":"d6a7283753e66cad4c4dc9a459d96a7fpng","theme":{"default_color":"2395ff","header_style":0,"hongbao_style":0,"price_color":"ff5339","third_tab_name":"商家","vanish_fields":[]},"type":0}},{"restaurant":{"act_tag":0,"activities":[{"attribute":"15.0","description":"新用户下单立减15元","icon_color":"70bc46","icon_name":"首","id":21621016466,"is_exclusive_with_food_activity":true,"name":"新用户立减(不与其他活动共享)","tips":"新用户下单立减15元","type":103},{"attribute":"{\"50\": {\"1\": 7.0, \"0\": 0}, \"20\": {\"1\": 3.0, \"0\": 0}, \"30\": {\"1\": 5.0, \"0\": 0}}","description":"满20减3，满30减5，满50减7","icon_color":"f07373","icon_name":"减","id":21654221931,"is_exclusive_with_food_activity":true,"name":"自营销复杂满减活动","tips":"满20减3，满30减5，满50减7","type":102},{"description":"特价商品9.9元起","icon_color":"f1884f","icon_name":"折","id":21647967259,"name":"9.9限时抢-正餐","tips":"9.9限时抢-正餐"}],"address":"河北省保定市莲池区小堤村村西","authentic_id":5394823020665424,"bidding":"{\"core\":{\"index\":3,\"extraInfo\":\"{\\\"adUnitMgrAb\\\":\\\"-1\\\",\\\"bidding\\\":\\\"{}\\\",\\\"rankId\\\":\\\"3af1dca4ffd54307b4d6a9a16784ff5b\\\",\\\"rankType\\\":\\\"8\\\",\\\"adLogo\\\":\\\"{\\\\\\\"url\\\\\\\":\\\\\\\"https://cube.elemecdn.com/0/1d/49b90a483860967ed3c67dd27714epng.png\\\\\\\",\\\\\\\"position\\\\\\\":\\\\\\\"left-bottom\\\\\\\"}\\\",\\\"latitude\\\":\\\"38.867719\\\",\\\"rankTime\\\":\\\"1557287109\\\",\\\"cityId\\\":\\\"95\\\",\\\"userId\\\":\\\"0\\\",\\\"longitude\\\":\\\"115.544414\\\"}\",\"target\":{\"restaurantId\":170358724,\"weight\":40,\"probability\":0.16143999993801117},\"come_from\":0,\"next\":{\"restaurantId\":162938270,\"weight\":50,\"probability\":0.08529999852180481}}}","business_info":"{\"recent_order_num_display\": \"月售944\", \"lemon_support_tags\": [{\"color\": \"cce23028\", \"text\": \"20减3\", \"border\": \"4ce23028\", \"background\": null, \"type\": 1, \"icon\": null}, {\"color\": \"cce23028\", \"text\": \"30减5\", \"border\": \"4ce23028\", \"background\": null, \"type\": 1, \"icon\": null}, {\"color\": \"cce23028\", \"text\": \"50减7\", \"border\": \"4ce23028\", \"background\": null, \"type\": 1, \"icon\": null}, {\"color\": \"a25c03\", \"text\": \"5元会员红包\", \"border\": \"4ca25c03\", \"background\": null, \"type\": 2, \"icon\": null}, {\"color\": \"cce23028\", \"text\": \"品质联盟\", \"border\": \"4ce23028\", \"background\": null, \"type\": 4, \"icon\": null}, {\"color\": \"cce23028\", \"text\": \"首单减15\", \"border\": \"4ce23028\", \"background\": null, \"type\": 5, \"icon\": null}, {\"color\": \"cce23028\", \"text\": \"9.9元特价\", \"border\": \"4ce23028\", \"background\": null, \"type\": 7, \"icon\": null}], \"ad_info\": null}","delivery_fee_discount":2,"description":"","distance":2354,"favored":false,"flavors":[{"id":209,"name":"盖浇饭"},{"id":882,"name":"其他快餐"}],"float_delivery_fee":1,"float_minimum_order_amount":15,"has_story":false,"id":"E198926241580149559","image_path":"f473723525821cc8dc8acb149a1db2b8png","is_new":false,"is_premium":false,"is_star":false,"is_stock_empty":0,"is_valid":1,"latitude":38.882074,"longitude":115.538292,"max_applied_quantity_per_order":-1,"name":"杨铭宇黄焖鸡米饭","next_business_time":"明天 10:00","only_use_poi":false,"opening_hours":["10:00/21:10"],"order_lead_time":44,"out_of_range":false,"phone":"18803122022","piecewise_agent_fee":{"description":"配送费¥1","extra_fee":-2,"is_extra":true,"no_subsidy_fee":"¥3","rules":[{"fee":1,"price":15}],"tips":"配送费¥1"},"platform":0,"posters":[],"promotion_info":"","rating":4.4,"rating_count":320,"recent_order_num":944,"recommend":{"image_hash":"731111f3f9379e772eedf4855beae8a1jpeg","is_ad":true,"reason":"广告","track":"{\"rankType\":\"8\"}"},"recommend_reasons":[],"regular_customer_count":0,"scheme":"https://h5.ele.me/shop/#id=E198926241580149559","status":1,"support_tags":[{"border":"dddddd","color":"666666","icon":"4e20966ca2a516de3f02fb9c7fd1bc6dpng","text":"盖浇饭","type":1},{"border":"dddddd","color":"333333","text":"品质联盟"}],"supports":[{"border":"90dddddd","description":"该商户食品安全已由国泰产险承担，食品安全有保障","icon_color":"999999","icon_name":"保","id":7,"name":"食安保","text_color":"666666","two_characters_icon_name":"保险"}],"theme":{"default_color":"2395ff","header_style":0,"hongbao_style":0,"price_color":"ff5339","third_tab_name":"商家","vanish_fields":[]},"type":0}},{"restaurant":{"act_tag":0,"activities":[{"attribute":"15.0","description":"新用户下单立减15元","icon_color":"70bc46","icon_name":"首","id":21621252738,"is_exclusive_with_food_activity":true,"name":"新用户立减(不与其他活动共享)","tips":"新用户下单立减15元","type":103}],"address":"保定市北市区五四东路258号","authentic_id":6334823043614070,"bidding":"{\"core\":{\"index\":4,\"extraInfo\":\"{\\\"adUnitMgrAb\\\":\\\"-1\\\",\\\"bidding\\\":\\\"{}\\\",\\\"rankId\\\":\\\"3af1dca4ffd54307b4d6a9a16784ff5b\\\",\\\"rankType\\\":\\\"8\\\",\\\"adLogo\\\":\\\"{\\\\\\\"url\\\\\\\":\\\\\\\"https://cube.elemecdn.com/0/1d/49b90a483860967ed3c67dd27714epng.png\\\\\\\",\\\\\\\"position\\\\\\\":\\\\\\\"left-bottom\\\\\\\"}\\\",\\\"latitude\\\":\\\"38.867719\\\",\\\"rankTime\\\":\\\"1557287109\\\",\\\"cityId\\\":\\\"95\\\",\\\"userId\\\":\\\"0\\\",\\\"longitude\\\":\\\"115.544414\\\"}\",\"target\":{\"restaurantId\":162938270,\"weight\":50,\"probability\":0.08529999852180481},\"come_from\":0,\"next\":{\"restaurantId\":170716788,\"weight\":50,\"probability\":0.08444000035524368}}}","business_info":"{\"recent_order_num_display\": \"月售102\", \"lemon_support_tags\": [{\"color\": \"a25c03\", \"text\": \"5元会员红包\", \"border\": \"4ca25c03\", \"background\": null, \"type\": 2, \"icon\": null}, {\"color\": \"cce23028\", \"text\": \"品质联盟\", \"border\": \"4ce23028\", \"background\": null, \"type\": 4, \"icon\": null}, {\"color\": \"cce23028\", \"text\": \"首单减15\", \"border\": \"4ce23028\", \"background\": null, \"type\": 5, \"icon\": null}], \"ad_info\": null}","delivery_fee_discount":4,"delivery_mode":{"border":"","color":"2395FF","gradient":{"rgb_from":"00AAFF","rgb_to":"0085FF"},"icon_hash":"b9b45d2f6ff0dbeef3a78ef0e4e90abapng","id":1,"is_solid":true,"text":"蜂鸟专送","text_color":"FFFFFF"},"description":"看着拌是一种风靡于江苏，创建于苏州的时尚简餐，吃的一种自在吃的一种时尚！吃的一种健康吃的一种美味！五重口味任你选你说咋办就咋办！","distance":2830,"favored":false,"flavors":[{"id":882,"name":"其他快餐"}],"float_delivery_fee":1,"float_minimum_order_amount":15,"has_story":false,"id":"E17681075070671433941","image_path":"ff2375b647778a6c0cdeac231a9879b5png","is_new":false,"is_premium":false,"is_star":false,"is_stock_empty":0,"is_valid":1,"latitude":38.87076,"longitude":115.519574,"max_applied_quantity_per_order":-1,"name":"看着拌(河大店)","next_business_time":"17:00","only_use_poi":false,"opening_hours":["10:00/14:00","17:00/20:30"],"order_lead_time":26,"out_of_range":false,"phone":"17731231070","piecewise_agent_fee":{"description":"配送费¥1","extra_fee":-2,"is_extra":true,"no_subsidy_fee":"¥5","rules":[{"fee":1,"price":15}],"tips":"配送费¥1"},"platform":0,"posters":[],"promotion_info":"看着拌新店开业“你说咋办就咋办”欢迎光临！","rating":4.5,"rating_count":52,"recent_order_num":102,"recommend":{"image_hash":"731111f3f9379e772eedf4855beae8a1jpeg","is_ad":true,"reason":"广告","track":"{\"rankType\":\"8\"}"},"recommend_reasons":[{"name":"配送飞快"}],"regular_customer_count":0,"scheme":"https://h5.ele.me/shop/#id=E17681075070671433941","status":1,"support_tags":[{"border":"dddddd","color":"666666","icon":"4e20966ca2a516de3f02fb9c7fd1bc6dpng","text":"其他快餐","type":1},{"border":"dddddd","color":"333333","text":"品质联盟"}],"supports":[{"border":"90dddddd","description":"该商户食品安全已由国泰产险承担，食品安全有保障","icon_color":"999999","icon_name":"保","id":7,"name":"食安保","text_color":"666666","two_characters_icon_name":"保险"}],"theme":{"default_color":"2395ff","header_style":0,"hongbao_style":0,"price_color":"ff5339","third_tab_name":"商家","vanish_fields":[]},"type":0}},{"restaurant":{"act_tag":0,"activities":[{"attribute":"15.0","description":"新用户下单立减15元","icon_color":"70bc46","icon_name":"首","id":21620954002,"is_exclusive_with_food_activity":true,"name":"新用户立减(不与其他活动共享)","tips":"新用户下单立减15元","type":103},{"attribute":"{\"25\": {\"1\": 10.0, \"0\": 0}, \"50\": {\"1\": 20.0, \"0\": 0}, \"35\": {\"1\": 12.0, \"0\": 0}}","description":"满25减10，满35减12，满50减20","icon_color":"f07373","icon_name":"减","id":21647158019,"is_exclusive_with_food_activity":true,"name":"满减活动","tips":"满25减10，满35减12，满50减20","type":102},{"description":"特价商品3.99元起","icon_color":"f1884f","icon_name":"特","id":1901318987,"name":"单品定价","tips":"单品定价"}],"address":"河北省保定市莲池区东金庄村金展街3号","authentic_id":6384813029031623,"business_info":"{\"recent_order_num_display\": \"月售211\", \"lemon_support_tags\": [{\"color\": \"cce23028\", \"text\": \"25减10\", \"border\": \"4ce23028\", \"background\": null, \"type\": 1, \"icon\": null}, {\"color\": \"cce23028\", \"text\": \"35减12\", \"border\": \"4ce23028\", \"background\": null, \"type\": 1, \"icon\": null}, {\"color\": \"cce23028\", \"text\": \"50减20\", \"border\": \"4ce23028\", \"background\": null, \"type\": 1, \"icon\": null}, {\"color\": \"cce23028\", \"text\": \"首单减15\", \"border\": \"4ce23028\", \"background\": null, \"type\": 5, \"icon\": null}, {\"color\": \"cce23028\", \"text\": \"3.99元特价\", \"border\": \"4ce23028\", \"background\": null, \"type\": 7, \"icon\": null}], \"ad_info\": null}","delivery_fee_discount":0,"delivery_mode":{"border":"","color":"2395FF","gradient":{"rgb_from":"00AAFF","rgb_to":"0085FF"},"icon_hash":"b9b45d2f6ff0dbeef3a78ef0e4e90abapng","id":1,"is_solid":true,"text":"蜂鸟专送","text_color":"FFFFFF"},"description":"","distance":864,"favored":false,"flavors":[{"id":212,"name":"汉堡薯条"},{"id":234,"name":"炸鸡炸串"}],"float_delivery_fee":3,"float_minimum_order_amount":15,"folding_restaurant_brand":"华莱士","folding_restaurants":[{"distance":1718,"id":"E14716242057464753953","name":"华莱士炸鸡汉堡(军校店)","order_lead_time":28,"scheme":"https://h5.ele.me/shop/#id=E14716242057464753953","type":0},{"distance":2603,"id":"E18180373582751826697","name":"华莱士炸鸡汉堡（红阳店）","order_lead_time":31,"scheme":"https://h5.ele.me/shop/#id=E18180373582751826697","type":0},{"distance":3110,"id":"E18177987362555718224","name":"华莱士炸鸡汉堡(红阳大街店)","order_lead_time":30,"scheme":"https://h5.ele.me/shop/#id=E18177987362555718224","type":0}],"has_story":false,"id":"E4790042703306272991","image_path":"b63feb1a17a5a0698ed2d853c815196fpng","is_new":false,"is_premium":true,"is_star":false,"is_stock_empty":0,"is_valid":1,"latitude":38.869233,"longitude":115.537553,"max_applied_quantity_per_order":-1,"name":"华莱士炸鸡汉堡(软件学院店)","next_business_time":"明天 07:30","only_use_poi":false,"opening_hours":["07:30/22:00"],"order_lead_time":26,"out_of_range":false,"phone":"15188679337 0312-5805956","piecewise_agent_fee":{"description":"配送费¥3","extra_fee":0,"is_extra":false,"no_subsidy_fee":"","rules":[{"fee":3,"price":15}],"tips":"配送费¥3"},"platform":0,"posters":[],"promotion_info":"华莱士简单有滋味，如果您对我们的餐有意见或建议，恳请您先不要给差评，请先联系我们，一定让您满意。联系电话:15188679337如您对我们的送餐服务口味请给五分好评呦，谢谢，我们将竭诚为您服务","rating":4.8,"rating_count":41,"recent_order_num":211,"recommend":{"is_ad":false,"reason":""},"recommend_reasons":[{"name":"配送飞快"}],"regular_customer_count":0,"scheme":"https://h5.ele.me/shop/#id=E4790042703306272991","status":1,"support_tags":[{"border":"dddddd","color":"666666","icon":"4e20966ca2a516de3f02fb9c7fd1bc6dpng","text":"汉堡薯条","type":1}],"supports":[],"tags":[],"target_tag_path":"d53fc0cb4dc67973038cbc591938a1b6png","theme":{"default_color":"2395ff","header_style":0,"hongbao_style":0,"price_color":"ff5339","third_tab_name":"商家","vanish_fields":[]},"type":0}},{"restaurant":{"act_tag":0,"activities":[{"attribute":"15.0","description":"新用户下单立减15元","icon_color":"70bc46","icon_name":"首","id":21620949778,"is_exclusive_with_food_activity":true,"name":"新用户立减(不与其他活动共享)","tips":"新用户下单立减15元","type":103},{"attribute":"{\"50\": {\"1\": 8.0, \"0\": 0}, \"30\": {\"1\": 6.0, \"0\": 0}}","description":"满30减6，满50减8","icon_color":"f07373","icon_name":"减","id":21520645346,"is_exclusive_with_food_activity":true,"name":"n多寿司军校","tips":"满30减6，满50减8","type":102}],"address":"河北省保定市莲池区军校街15号","authentic_id":3334853021297455,"business_info":"{\"recent_order_num_display\": \"月售274\", \"lemon_support_tags\": [{\"color\": \"cce23028\", \"text\": \"30减6\", \"border\": \"4ce23028\", \"background\": null, \"type\": 1, \"icon\": null}, {\"color\": \"cce23028\", \"text\": \"50减8\", \"border\": \"4ce23028\", \"background\": null, \"type\": 1, \"icon\": null}, {\"color\": \"a25c03\", \"text\": \"5元会员红包\", \"border\": \"4ca25c03\", \"background\": null, \"type\": 2, \"icon\": null}, {\"color\": \"cce23028\", \"text\": \"0元配送\", \"border\": \"4ce23028\", \"background\": null, \"type\": 12, \"icon\": null}, {\"color\": \"cce23028\", \"text\": \"首单减15\", \"border\": \"4ce23028\", \"background\": null, \"type\": 5, \"icon\": null}], \"ad_info\": null}","delivery_fee_discount":5,"delivery_mode":{"border":"","color":"2395FF","gradient":{"rgb_from":"00AAFF","rgb_to":"0085FF"},"icon_hash":"b9b45d2f6ff0dbeef3a78ef0e4e90abapng","id":1,"is_solid":true,"text":"蜂鸟专送","text_color":"FFFFFF"},"description":"","distance":1713,"favored":false,"flavors":[{"id":1138,"name":"刺身寿司"},{"id":882,"name":"其他快餐"}],"float_delivery_fee":0,"float_minimum_order_amount":20,"has_story":false,"id":"E590716167335555988","image_path":"937313139ff91f19cd7538cd22435153png","is_new":false,"is_premium":false,"is_star":false,"is_stock_empty":0,"is_valid":1,"latitude":38.870132,"longitude":115.530621,"max_applied_quantity_per_order":-1,"name":"N多寿司(军校店)","next_business_time":"明天 10:30","only_use_poi":false,"opening_hours":["10:30/20:40"],"order_lead_time":26,"out_of_range":false,"phone":"18134344021","piecewise_agent_fee":{"description":"免配送费","extra_fee":-2,"is_extra":true,"no_subsidy_fee":"¥5","rules":[{"fee":0,"price":20}],"tips":"免配送费"},"platform":0,"posters":[],"promotion_info":"","rating":4.8,"rating_count":101,"recent_order_num":274,"recommend":{"is_ad":false,"reason":""},"recommend_reasons":[{"name":"配送飞快"}],"regular_customer_count":0,"scheme":"https://h5.ele.me/shop/#id=E590716167335555988","status":1,"support_tags":[{"border":"dddddd","color":"666666","icon":"4e20966ca2a516de3f02fb9c7fd1bc6dpng","text":"刺身寿司","type":1}],"supports":[{"border":"90dddddd","description":"该商户食品安全已由国泰产险承担，食品安全有保障","icon_color":"999999","icon_name":"保","id":7,"name":"食安保","text_color":"666666","two_characters_icon_name":"保险"}],"theme":{"default_color":"2395ff","header_style":0,"hongbao_style":0,"price_color":"ff5339","third_tab_name":"商家","vanish_fields":[]},"type":0}},{"restaurant":{"act_tag":0,"activities":[],"address":"河北省保定市莲池区玉兰大街571号","authentic_id":7394893022756153,"business_info":"{\"recent_order_num_display\": \"月售132\", \"lemon_support_tags\": [], \"ad_info\": null}","delivery_fee_discount":1.1,"delivery_mode":{"border":"","color":"2395FF","gradient":{"rgb_from":"00AAFF","rgb_to":"0085FF"},"icon_hash":"b9b45d2f6ff0dbeef3a78ef0e4e90abapng","id":1,"is_solid":true,"text":"蜂鸟专送","text_color":"FFFFFF"},"description":"1、本店推荐您在饿了么网上订餐。2、请确保您的电话开机及铃声状态以便送餐员能联系上您。3、外卖制作+配送都需要耗费时间，希望大家提前进行预订外卖，避开高峰拥堵，提前预定。4、祝您用餐愉快！","distance":2633,"favored":false,"flavors":[{"id":882,"name":"其他快餐"}],"float_delivery_fee":3.9,"float_minimum_order_amount":15,"has_story":false,"id":"E7115640972362661662","image_path":"05ff7271372c02d6570ba5288ef5a2fcpng","is_new":false,"is_premium":false,"is_star":true,"is_stock_empty":0,"is_valid":1,"latitude":38.854074,"longitude":115.528905,"max_applied_quantity_per_order":-1,"name":"会炊生活餐厅","next_business_time":"16:50","only_use_poi":false,"opening_hours":["07:00/09:00","10:40/14:00","16:50/21:00"],"order_lead_time":30,"out_of_range":false,"phone":"0312-5060222","piecewise_agent_fee":{"description":"配送费¥3.9","extra_fee":0,"is_extra":false,"no_subsidy_fee":"¥5","rules":[{"fee":3.9,"price":15}],"tips":"配送费¥3.9"},"platform":0,"posters":[],"promotion_info":"1、本店推荐您在饿了么网上订餐。2、请确保您的电话开机及铃声状态以便送餐员能联系上您。3、外卖制作+配送都需要耗费时间，希望大家提前进行预订外卖，避开高峰拥堵，提前预定。4、祝您用餐愉快！","rating":4.7,"rating_count":19,"recent_order_num":132,"recommend":{"is_ad":false,"reason":""},"recommend_reasons":[{"name":"配送飞快"}],"regular_customer_count":0,"scheme":"https://h5.ele.me/shop/#id=E7115640972362661662","status":1,"support_tags":[{"border":"dddddd","color":"666666","icon":"4e20966ca2a516de3f02fb9c7fd1bc6dpng","text":"其他快餐","type":1}],"supports":[{"border":"90dddddd","description":"该商户食品安全已由国泰产险承担，食品安全有保障","icon_color":"999999","icon_name":"保","id":7,"name":"食安保","text_color":"666666","two_characters_icon_name":"保险"}],"tags":[],"target_tag_path":"d6a7283753e66cad4c4dc9a459d96a7fpng","theme":{"default_color":"2395ff","header_style":0,"hongbao_style":0,"price_color":"ff5339","third_tab_name":"商家","vanish_fields":[]},"type":0}}],"meta":{"rank_id":"3af1dca4ffd54307b4d6a9a16784ff5b"}}